{"columns":[0],"index":[0,1,2,3],"data":[[0.1597891957],[0.4159702006],[0.1585178094],[0.2657227942]]}